label,virus,sample_id,sequence_id,sample_lab,sequencing_lab,accession,country,location,platform,proportion_ambiguous,date,collection_date,imputed_date,reference,GP82
EBOV|201403007|KP178538|LBR|?|2014-08-03,EBOV,201403007,201403007,CDC,CDC,KP178538,LBR,NA,Illumina,0,2014-08-03,2014-08-03,NA,Whitmer et al,V
EBOV|Makona-201403261|KP240932|LBR|?|2014-09-26,EBOV,Makona-201403261,Makona-201403261,CDC,CDC,KP240932,LBR,NA,Illumina,0,2014-09-26,2014-09-26,NA,Whitmer et al,V
EBOV|EM_074349|KR817108|LBR|Lofa|2014-07-22,EBOV,EM_074349,EM_074349,EMLab,EMLab,KR817108,LBR,Lofa,Illumina,0,2014-07-22,2014-07-22,NA,Carroll et al,V
EBOV|EM_074350|KR817109|LBR|Lofa|2014-07-22,EBOV,EM_074350,EM_074350,EMLab,EMLab,KR817109,LBR,Lofa,Illumina,0,2014-07-22,2014-07-22,NA,Carroll et al,V
EBOV|EM_074351|KR817110|LBR|Lofa|2014-07-22,EBOV,EM_074351,EM_074351,EMLab,EMLab,KR817110,LBR,Lofa,Illumina,0,2014-07-22,2014-07-22,NA,Carroll et al,V
EBOV|EM_074352|KR817111|LBR|Lofa|2014-07-22,EBOV,EM_074352,EM_074352,EMLab,EMLab,KR817111,LBR,Lofa,Illumina,0,2014-07-22,2014-07-22,NA,Carroll et al,V
EBOV|EM_074353|KR817112|LBR|Lofa|2014-07-22,EBOV,EM_074353,EM_074353,EMLab,EMLab,KR817112,LBR,Lofa,Illumina,0,2014-07-22,2014-07-22,NA,Carroll et al,V
EBOV|EM_074391|KR817114|LBR|Lofa|2014-07-26,EBOV,EM_074391,EM_074391,EMLab,EMLab,KR817114,LBR,Lofa,Illumina,0,2014-07-26,2014-07-26,NA,Carroll et al,V
EBOV|EM_074392|KR817115|LBR|?|2014-07-25,EBOV,EM_074392,EM_074392,EMLab,EMLab,KR817115,LBR,NA,Illumina,0,2014-07-25,2014-07-25,NA,Carroll et al,V
EBOV|EM_074548|KR817123|LBR|Lofa|2014-08-08,EBOV,EM_074548,EM_074548,EMLab,EMLab,KR817123,LBR,Lofa,Illumina,0,2014-08-08,2014-08-08,NA,Carroll et al,V
EBOV|EM_074720|KR817125|LBR|Lofa|2014-08-14,EBOV,EM_074720,EM_074720,EMLab,EMLab,KR817125,LBR,Lofa,Illumina,0,2014-08-14,2014-08-14,NA,Carroll et al,V
EBOV|EM_074821|KR817127|LBR|Lofa|2014-08-17,EBOV,EM_074821,EM_074821,EMLab,EMLab,KR817127,LBR,Lofa,Illumina,0,2014-08-17,2014-08-17,NA,Carroll et al,V
EBOV|EM_074822|KR817128|LBR|Lofa|2014-08-17,EBOV,EM_074822,EM_074822,EMLab,EMLab,KR817128,LBR,Lofa,Illumina,0,2014-08-17,2014-08-17,NA,Carroll et al,V
EBOV|EM_075043|KR817129|LBR|Lofa|2014-08-22,EBOV,EM_075043,EM_075043,EMLab,EMLab,KR817129,LBR,Lofa,Illumina,0,2014-08-22,2014-08-22,NA,Carroll et al,V
EBOV|EM_079450|KR817194|LBR|?|2014-04-01,EBOV,EM_079450,EM_079450,EMLab,EMLab,KR817194,LBR,NA,Illumina,0,2014-04-01,2014-04-01,NA,Carroll et al,A
EBOV|EM_080064|KR817231|LBR|Lofa|2014-06-20,EBOV,EM_080064,EM_080064,EMLab,EMLab,KR817231,LBR,Lofa,Illumina,0,2014-06-20,2014-06-20,NA,Carroll et al,V
EBOV|EM_080065|KR817232|LBR|?|2014-06-20,EBOV,EM_080065,EM_080065,EMLab,EMLab,KR817232,LBR,NA,Illumina,0,2014-06-20,2014-06-20,NA,Carroll et al,V
EBOV|EM_080066|KR817233|LBR|?|2014-06-20,EBOV,EM_080066,EM_080066,EMLab,EMLab,KR817233,LBR,NA,Illumina,0,2014-06-20,2014-06-20,NA,Carroll et al,V
EBOV|EM_080067|KR817234|LBR|?|2014-06-20,EBOV,EM_080067,EM_080067,EMLab,EMLab,KR817234,LBR,NA,Illumina,0,2014-06-20,2014-06-20,NA,Carroll et al,V
EBOV|EM_080193|KR817239|LBR|?|2014-06-29,EBOV,EM_080193,EM_080193,EMLab,EMLab,KR817239,LBR,NA,Illumina,0,2014-06-29,2014-06-29,NA,Carroll et al,V
EBOV|EM_080213|KR817240|LBR|?|2014-07-03,EBOV,EM_080213,EM_080213,EMLab,EMLab,KR817240,LBR,NA,Illumina,0,2014-07-03,2014-07-03,NA,Carroll et al,V
EBOV|EM_080223|KR817241|LBR|?|2014-07-04,EBOV,EM_080223,EM_080223,EMLab,EMLab,KR817241,LBR,NA,Illumina,0,2014-07-04,2014-07-04,NA,Carroll et al,V
EBOV|EM_080261|KR817243|LBR|Lofa|2014-07-12,EBOV,EM_080261,EM_080261,EMLab,EMLab,KR817243,LBR,Lofa,Illumina,0,2014-07-12,2014-07-12,NA,Carroll et al,V
EBOV|EM_080269|KR817245|LBR|?|2014-07-12,EBOV,EM_080269,EM_080269,EMLab,EMLab,KR817245,LBR,NA,Illumina,0,2014-07-12,2014-07-12,NA,Carroll et al,V
EBOV|CDC-NIH-1122|KX009902|LBR|Margibi|2014-09-16,EBOV,CDC-NIH-1122,CDC-NIH-1122,CDC-NIH,USAMRIID,KX009902,LBR,Margibi,Illumina,0,2014-09-16,2014-09-16,NA,Wiley et al,V
EBOV|CDC-NIH-1650|KX009903|LBR|Margibi|2014-09-27,EBOV,CDC-NIH-1650,CDC-NIH-1650,CDC-NIH,USAMRIID,KX009903,LBR,Margibi,Illumina,0,2014-09-27,2014-09-27,NA,Wiley et al,V
EBOV|CDC-NIH-2303|KX009904|LBR|Montserrado|2014-10-10,EBOV,CDC-NIH-2303,CDC-NIH-2303,CDC-NIH,USAMRIID,KX009904,LBR,Montserrado,Illumina,0,2014-10-10,2014-10-10,NA,Wiley et al,V
EBOV|CDC-NIH-2313|KX009905|LBR|Montserrado|2014-10-10,EBOV,CDC-NIH-2313,CDC-NIH-2313,CDC-NIH,USAMRIID,KX009905,LBR,Montserrado,Illumina,0,2014-10-10,2014-10-10,NA,Wiley et al,V
EBOV|CDC-NIH-257|KX009892|LBR|Montserrado|2014-08-27,EBOV,CDC-NIH-257,CDC-NIH-257,CDC-NIH,USAMRIID,KX009892,LBR,Montserrado,Illumina,0,2014-08-27,2014-08-27,NA,Wiley et al,V
EBOV|CDC-NIH-259|KX009893|LBR|Montserrado|2014-08-27,EBOV,CDC-NIH-259,CDC-NIH-259,CDC-NIH,USAMRIID,KX009893,LBR,Montserrado,Illumina,0,2014-08-27,2014-08-27,NA,Wiley et al,V
EBOV|CDC-NIH-261|KX009894|LBR|Montserrado|2014-08-27,EBOV,CDC-NIH-261,CDC-NIH-261,CDC-NIH,USAMRIID,KX009894,LBR,Montserrado,Illumina,0,2014-08-27,2014-08-27,NA,Wiley et al,V
EBOV|CDC-NIH-272|KX009895|LBR|Montserrado|2014-08-27,EBOV,CDC-NIH-272,CDC-NIH-272,CDC-NIH,USAMRIID,KX009895,LBR,Montserrado,Illumina,0,2014-08-27,2014-08-27,NA,Wiley et al,V
EBOV|CDC-NIH-2984|KX009906|LBR|Montserrado|2014-10-23,EBOV,CDC-NIH-2984,CDC-NIH-2984,CDC-NIH,USAMRIID,KX009906,LBR,Montserrado,Illumina,0,2014-10-23,2014-10-23,NA,Wiley et al,V
EBOV|CDC-NIH-3762|KX009907|LBR|Montserrado|2014-11-19,EBOV,CDC-NIH-3762,CDC-NIH-3762,CDC-NIH,USAMRIID,KX009907,LBR,Montserrado,Illumina,0,2014-11-19,2014-11-19,NA,Wiley et al,V
EBOV|CDC-NIH-3827|KX009908|LBR|Montserrado|2014-11-23,EBOV,CDC-NIH-3827,CDC-NIH-3827,CDC-NIH,USAMRIID,KX009908,LBR,Montserrado,Illumina,0,2014-11-23,2014-11-23,NA,Wiley et al,V
EBOV|CDC-NIH-3832|KX009909|LBR|GrandCapeMount|2014-11-23,EBOV,CDC-NIH-3832,CDC-NIH-3832,CDC-NIH,USAMRIID,KX009909,LBR,GrandCapeMount,Illumina,0,2014-11-23,2014-11-23,NA,Wiley et al,V
EBOV|CDC-NIH-3871|KX009910|LBR|GrandBassa|2014-11-25,EBOV,CDC-NIH-3871,CDC-NIH-3871,CDC-NIH,USAMRIID,KX009910,LBR,GrandBassa,Illumina,0,2014-11-25,2014-11-25,NA,Wiley et al,V
EBOV|CDC-NIH-3874|KX009911|LBR|Montserrado|2014-11-25,EBOV,CDC-NIH-3874,CDC-NIH-3874,CDC-NIH,USAMRIID,KX009911,LBR,Montserrado,Illumina,0,2014-11-25,2014-11-25,NA,Wiley et al,V
EBOV|CDC-NIH-3878|KX009912|LBR|Montserrado|2014-11-25,EBOV,CDC-NIH-3878,CDC-NIH-3878,CDC-NIH,USAMRIID,KX009912,LBR,Montserrado,Illumina,0,2014-11-25,2014-11-25,NA,Wiley et al,V
EBOV|CDC-NIH-595|KX009896|LBR|Montserrado|2014-09-04,EBOV,CDC-NIH-595,CDC-NIH-595,CDC-NIH,USAMRIID,KX009896,LBR,Montserrado,Illumina,0,2014-09-04,2014-09-04,NA,Wiley et al,V
EBOV|CDC-NIH-603|KX009897|LBR|Montserrado|2014-09-04,EBOV,CDC-NIH-603,CDC-NIH-603,CDC-NIH,USAMRIID,KX009897,LBR,Montserrado,Illumina,0,2014-09-04,2014-09-04,NA,Wiley et al,V
EBOV|CDC-NIH-683|KX009898|LBR|Montserrado|2014-09-06,EBOV,CDC-NIH-683,CDC-NIH-683,CDC-NIH,USAMRIID,KX009898,LBR,Montserrado,Illumina,0,2014-09-06,2014-09-06,NA,Wiley et al,V
EBOV|CDC-NIH-686|KX009899|LBR|Margibi|2014-09-06,EBOV,CDC-NIH-686,CDC-NIH-686,CDC-NIH,USAMRIID,KX009899,LBR,Margibi,Illumina,0,2014-09-06,2014-09-06,NA,Wiley et al,V
EBOV|CDC-NIH-708|KX009900|LBR|Montserrado|2014-09-07,EBOV,CDC-NIH-708,CDC-NIH-708,CDC-NIH,USAMRIID,KX009900,LBR,Montserrado,Illumina,0,2014-09-07,2014-09-07,NA,Wiley et al,V
EBOV|CDC-NIH-710|KX009901|LBR|Montserrado|2014-09-07,EBOV,CDC-NIH-710,CDC-NIH-710,CDC-NIH,USAMRIID,KX009901,LBR,Montserrado,Illumina,0,2014-09-07,2014-09-07,NA,Wiley et al,V
EBOV|LIBR0008|KT725313|LBR|Montserrado|2014-10-31,EBOV,LIBR0008,LIBR0008,USAMRIID,USAMRIID,KT725313,LBR,Montserrado,Illumina,0.02,2014-10-31,2014-10-31,NA,Ladner et al,V
EBOV|LIBR0058|KR006940|LBR|RiverCess|2014-11-05,EBOV,LIBR0058,LIBR0058,USAMRIID,USAMRIID,KR006940,LBR,RiverCess,Illumina,0.01,2014-11-05,2014-11-05,NA,Kugelman et al,V
EBOV|LIBR0059|KR006941|LBR|RiverCess|2014-11-05,EBOV,LIBR0059,LIBR0059,USAMRIID,USAMRIID,KR006941,LBR,RiverCess,Illumina,0.02,2014-11-05,2014-11-05,NA,Kugelman et al,V
EBOV|LIBR0063|KR006942|LBR|Montserrado|2014-11-06,EBOV,LIBR0063,LIBR0063,USAMRIID,USAMRIID,KR006942,LBR,Montserrado,Illumina,0.1,2014-11-06,2014-11-06,NA,Ladner et al,V
EBOV|LIBR0067|KR006943|LBR|Bomi|2014-11-06,EBOV,LIBR0067,LIBR0067,USAMRIID,USAMRIID,KR006943,LBR,Bomi,Illumina,0,2014-11-06,2014-11-06,NA,Kugelman et al,V
EBOV|LIBR0071|KT725303|LBR|GrandBassa|2014-11-06,EBOV,LIBR0071,LIBR0071,USAMRIID,USAMRIID,KT725303,LBR,GrandBassa,Illumina,0,2014-11-06,2014-11-06,NA,Ladner et al,V
EBOV|LIBR0073|KR006944|LBR|GrandBassa|2014-11-06,EBOV,LIBR0073,LIBR0073,USAMRIID,USAMRIID,KR006944,LBR,GrandBassa,Illumina,0.01,2014-11-06,2014-11-06,NA,Kugelman et al,V
EBOV|LIBR0079|KT725274|LBR|Montserrado|2014-11-07,EBOV,LIBR0079,LIBR0079,USAMRIID,USAMRIID,KT725274,LBR,Montserrado,Illumina,0,2014-11-07,2014-11-07,NA,Ladner et al,V
EBOV|LIBR0090|KR006945|LBR|Margibi|2014-11-08,EBOV,LIBR0090,LIBR0090,USAMRIID,USAMRIID,KR006945,LBR,Margibi,Illumina,0,2014-11-08,2014-11-08,NA,Kugelman et al,V
EBOV|LIBR0092|KR006946|LBR|Montserrado|2014-11-08,EBOV,LIBR0092,LIBR0092,USAMRIID,USAMRIID,KR006946,LBR,Montserrado,Illumina,0,2014-11-08,2014-11-08,NA,Kugelman et al,V
EBOV|LIBR0093|KR006947|LBR|Montserrado|2014-11-08,EBOV,LIBR0093,LIBR0093,USAMRIID,USAMRIID,KR006947,LBR,Montserrado,Illumina,0,2014-11-08,2014-11-08,NA,Kugelman et al,V
EBOV|LIBR0112|KT725330|LBR|Montserrado|2014-11-10,EBOV,LIBR0112,LIBR0112,USAMRIID,USAMRIID,KT725330,LBR,Montserrado,Illumina,0.01,2014-11-10,2014-11-10,NA,Ladner et al,V
EBOV|LIBR0114|KT725273|LBR|GrandBassa|2014-11-10,EBOV,LIBR0114,LIBR0114,USAMRIID,USAMRIID,KT725273,LBR,GrandBassa,Illumina,0.05,2014-11-10,2014-11-10,NA,Ladner et al,V
EBOV|LIBR0115|KT725254|LBR|GrandBassa|2014-11-10,EBOV,LIBR0115,LIBR0115,USAMRIID,USAMRIID,KT725254,LBR,GrandBassa,Illumina,0,2014-11-10,2014-11-10,NA,Ladner et al,V
EBOV|LIBR0116|KR006948|LBR|GrandBassa|2014-11-10,EBOV,LIBR0116,LIBR0116,USAMRIID,USAMRIID,KR006948,LBR,GrandBassa,Illumina,0,2014-11-10,2014-11-10,NA,Kugelman et al,V
EBOV|LIBR0118|KT725291|LBR|Bomi|2014-11-10,EBOV,LIBR0118,LIBR0118,USAMRIID,USAMRIID,KT725291,LBR,Bomi,Illumina,0.01,2014-11-10,2014-11-10,NA,Ladner et al,V
EBOV|LIBR0157|KT725393|LBR|Gbarpolu|2014-11-13,EBOV,LIBR0157,LIBR0157,USAMRIID,USAMRIID,KT725393,LBR,Gbarpolu,Illumina,0,2014-11-13,2014-11-13,NA,Ladner et al,V
EBOV|LIBR0159|KT725327|LBR|Montserrado|2014-11-13,EBOV,LIBR0159,LIBR0159,USAMRIID,USAMRIID,KT725327,LBR,Montserrado,Illumina,0.02,2014-11-13,2014-11-13,NA,Ladner et al,V
EBOV|LIBR0160|KT725370|LBR|Montserrado|2014-11-13,EBOV,LIBR0160,LIBR0160,USAMRIID,USAMRIID,KT725370,LBR,Montserrado,Illumina,0,2014-11-13,2014-11-13,NA,Ladner et al,V
EBOV|LIBR0168|KR006949|LBR|Bomi|2014-11-13,EBOV,LIBR0168,LIBR0168,USAMRIID,USAMRIID,KR006949,LBR,Bomi,Illumina,0.01,2014-11-13,2014-11-13,NA,Kugelman et al,V
EBOV|LIBR0173|KR006950|LBR|Montserrado|2014-11-14,EBOV,LIBR0173,LIBR0173,USAMRIID,USAMRIID,KR006950,LBR,Montserrado,Illumina,0,2014-11-14,2014-11-14,NA,Kugelman et al,V
EBOV|LIBR0176|KR006951|LBR|Montserrado|2014-11-14,EBOV,LIBR0176,LIBR0176,USAMRIID,USAMRIID,KR006951,LBR,Montserrado,Illumina,0.01,2014-11-14,2014-11-14,NA,Kugelman et al,V
EBOV|LIBR0177|KT725279|LBR|Montserrado|2014-11-14,EBOV,LIBR0177,LIBR0177,USAMRIID,USAMRIID,KT725279,LBR,Montserrado,Illumina,0,2014-11-14,2014-11-14,NA,Ladner et al,V
EBOV|LIBR0229|KT725333|LBR|GrandBassa|2014-11-17,EBOV,LIBR0229,LIBR0229,USAMRIID,USAMRIID,KT725333,LBR,GrandBassa,Illumina,0,2014-11-17,2014-11-17,NA,Ladner et al,V
EBOV|LIBR0279|KT725280|LBR|?|2014-11-22,EBOV,LIBR0279,LIBR0279,USAMRIID,USAMRIID,KT725280,LBR,NA,Illumina,0.02,2014-11-22,2014-11-22,NA,Ladner et al,V
EBOV|LIBR0284|KT725328|LBR|GrandCapeMount|2014-11-22,EBOV,LIBR0284,LIBR0284,USAMRIID,USAMRIID,KT725328,LBR,GrandCapeMount,Illumina,0.01,2014-11-22,2014-11-22,NA,Ladner et al,V
EBOV|LIBR0286|KR006952|LBR|GrandCapeMount|2014-11-22,EBOV,LIBR0286,LIBR0286,USAMRIID,USAMRIID,KR006952,LBR,GrandCapeMount,Illumina,0.01,2014-11-22,2014-11-22,NA,Kugelman et al,V
EBOV|LIBR0333|KR006953|LBR|GrandCapeMount|2014-11-25,EBOV,LIBR0333,LIBR0333,USAMRIID,USAMRIID,KR006953,LBR,GrandCapeMount,Illumina,0.01,2014-11-25,2014-11-25,NA,Kugelman et al,V
EBOV|LIBR0350|KT725342|LBR|Montserrado|2014-11-26,EBOV,LIBR0350,LIBR0350,USAMRIID,USAMRIID,KT725342,LBR,Montserrado,Illumina,0,2014-11-26,2014-11-26,NA,Ladner et al,V
EBOV|LIBR0380|KT725290|LBR|Montserrado|2014-11-28,EBOV,LIBR0380,LIBR0380,USAMRIID,USAMRIID,KT725290,LBR,Montserrado,Illumina,0,2014-11-28,2014-11-28,NA,Ladner et al,V
EBOV|LIBR0423|KR006954|LBR|Montserrado|2014-12-03,EBOV,LIBR0423,LIBR0423,USAMRIID,USAMRIID,KR006954,LBR,Montserrado,Illumina,0.01,2014-12-03,2014-12-03,NA,Kugelman et al,V
EBOV|LIBR0430|KR006955|LBR|GrandBassa|2014-12-03,EBOV,LIBR0430,LIBR0430,USAMRIID,USAMRIID,KR006955,LBR,GrandBassa,Illumina,0.1,2014-12-03,2014-12-03,NA,Kugelman et al,V
EBOV|LIBR0503|KR006956|LBR|Sinoe|2014-12-10,EBOV,LIBR0503,LIBR0503,USAMRIID,USAMRIID,KR006956,LBR,Sinoe,Illumina,0,2014-12-10,2014-12-10,NA,Kugelman et al,V
EBOV|LIBR0505|KR006957|LBR|Sinoe|2014-12-10,EBOV,LIBR0505,LIBR0505,USAMRIID,USAMRIID,KR006957,LBR,Sinoe,Illumina,0.01,2014-12-10,2014-12-10,NA,Kugelman et al,V
EBOV|LIBR0605|KR006958|LBR|Montserrado|2014-12-20,EBOV,LIBR0605,LIBR0605,USAMRIID,USAMRIID,KR006958,LBR,Montserrado,Illumina,0,2014-12-20,2014-12-20,NA,Kugelman et al,V
EBOV|LIBR0622|KT725288|LBR|Montserrado|2014-12-22,EBOV,LIBR0622,LIBR0622,USAMRIID,USAMRIID,KT725288,LBR,Montserrado,Illumina,0,2014-12-22,2014-12-22,NA,Ladner et al,V
EBOV|LIBR0624|KR006959|LBR|Montserrado|2014-12-22,EBOV,LIBR0624,LIBR0624,USAMRIID,USAMRIID,KR006959,LBR,Montserrado,Illumina,0.02,2014-12-22,2014-12-22,NA,Kugelman et al,V
EBOV|LIBR0707|KT725366|LBR|Montserrado|2014-12-29,EBOV,LIBR0707,LIBR0707,USAMRIID,USAMRIID,KT725366,LBR,Montserrado,Illumina,0.01,2014-12-29,2014-12-29,NA,Ladner et al,V
EBOV|LIBR0993|KR006960|LBR|Montserrado|2015-01-20,EBOV,LIBR0993,LIBR0993,USAMRIID,USAMRIID,KR006960,LBR,Montserrado,Illumina,0,2015-01-20,2015-01-20,NA,Kugelman et al,V
EBOV|LIBR10008|KT725316|LBR|?|2014-08-21,EBOV,LIBR10008,LIBR10008,USAMRIID,USAMRIID,KT725316,LBR,NA,Illumina,0.01,2014-08-21,2014-08-21,NA,Ladner et al,V
EBOV|LIBR10014|KT725390|LBR|Montserrado|2014-08-19,EBOV,LIBR10014,LIBR10014,USAMRIID,USAMRIID,KT725390,LBR,Montserrado,Illumina,0.01,2014-08-19,2014-08-19,NA,Ladner et al,V
EBOV|LIBR10017|KT725293|LBR|Montserrado|2014-08-19,EBOV,LIBR10017,LIBR10017,USAMRIID,USAMRIID,KT725293,LBR,Montserrado,Illumina,0.01,2014-08-19,2014-08-19,NA,Ladner et al,V
EBOV|LIBR10020|KT725292|LBR|?|2014-08-18,EBOV,LIBR10020,LIBR10020,USAMRIID,USAMRIID,KT725292,LBR,NA,Illumina,0.02,2014-08-18,2014-08-18,NA,Ladner et al,V
EBOV|LIBR10021|KT725335|LBR|?|2014-08-18,EBOV,LIBR10021,LIBR10021,USAMRIID,USAMRIID,KT725335,LBR,NA,Illumina,0,2014-08-18,2014-08-18,NA,Ladner et al,V
EBOV|LIBR10022|KT725378|LBR|?|2014-08-16,EBOV,LIBR10022,LIBR10022,USAMRIID,USAMRIID,KT725378,LBR,NA,Illumina,0.01,2014-08-16,2014-08-16,NA,Ladner et al,V
EBOV|LIBR10025|KT725315|LBR|Margibi|2014-08-16,EBOV,LIBR10025,LIBR10025,USAMRIID,USAMRIID,KT725315,LBR,Margibi,Illumina,0.01,2014-08-16,2014-08-16,NA,Ladner et al,V
EBOV|LIBR10026|KT725344|LBR|Margibi|2014-08-16,EBOV,LIBR10026,LIBR10026,USAMRIID,USAMRIID,KT725344,LBR,Margibi,Illumina,0.02,2014-08-16,2014-08-16,NA,Ladner et al,V
EBOV|LIBR10027|KT725294|LBR|?|2014-08-16,EBOV,LIBR10027,LIBR10027,USAMRIID,USAMRIID,KT725294,LBR,NA,Illumina,0.01,2014-08-16,2014-08-16,NA,Ladner et al,V
EBOV|LIBR10029|KT725348|LBR|Margibi|2014-08-16,EBOV,LIBR10029,LIBR10029,USAMRIID,USAMRIID,KT725348,LBR,Margibi,Illumina,0,2014-08-16,2014-08-16,NA,Ladner et al,V
EBOV|LIBR10030|KT725257|LBR|Margibi|2014-08-16,EBOV,LIBR10030,LIBR10030,USAMRIID,USAMRIID,KT725257,LBR,Margibi,Illumina,0,2014-08-16,2014-08-16,NA,Ladner et al,V
EBOV|LIBR10031|KT725278|LBR|Margibi|2014-08-16,EBOV,LIBR10031,LIBR10031,USAMRIID,USAMRIID,KT725278,LBR,Margibi,Illumina,0.01,2014-08-16,2014-08-16,NA,Ladner et al,V
EBOV|LIBR10032|KT725267|LBR|?|2014-08-16,EBOV,LIBR10032,LIBR10032,USAMRIID,USAMRIID,KT725267,LBR,NA,Illumina,0.01,2014-08-16,2014-08-16,NA,Ladner et al,V
EBOV|LIBR10033|KT725386|LBR|Nimba|2014-08-15,EBOV,LIBR10033,LIBR10033,USAMRIID,USAMRIID,KT725386,LBR,Nimba,Illumina,0.01,2014-08-15,2014-08-15,NA,Ladner et al,V
EBOV|LIBR10035|KT725259|LBR|GrandBassa|2014-08-15,EBOV,LIBR10035,LIBR10035,USAMRIID,USAMRIID,KT725259,LBR,GrandBassa,Illumina,0,2014-08-15,2014-08-15,NA,Ladner et al,V
EBOV|LIBR10036|KT725299|LBR|?|2014-08-10,EBOV,LIBR10036,LIBR10036,USAMRIID,USAMRIID,KT725299,LBR,NA,Illumina,0.01,2014-08-10,2014-08-10,NA,Ladner et al,V
EBOV|LIBR10037|KT725311|LBR|?|2014-08-10,EBOV,LIBR10037,LIBR10037,USAMRIID,USAMRIID,KT725311,LBR,NA,Illumina,0,2014-08-10,2014-08-10,NA,Ladner et al,V
EBOV|LIBR10040|KT725314|LBR|?|2014-08-04,EBOV,LIBR10040,LIBR10040,USAMRIID,USAMRIID,KT725314,LBR,NA,Illumina,0.01,2014-08-04,2014-08-04,NA,Ladner et al,V
EBOV|LIBR10042|KT725261|LBR|?|2014-08-04,EBOV,LIBR10042,LIBR10042,USAMRIID,USAMRIID,KT725261,LBR,NA,Illumina,0.02,2014-08-04,2014-08-04,NA,Ladner et al,V
EBOV|LIBR10047|KT725345|LBR|Margibi|2014-10-01,EBOV,LIBR10047,LIBR10047,USAMRIID,USAMRIID,KT725345,LBR,Margibi,Illumina,0.01,2014-10-01,2014-10-01,NA,Ladner et al,V
EBOV|LIBR10048|KT725361|LBR|?|2014-10-01,EBOV,LIBR10048,LIBR10048,USAMRIID,USAMRIID,KT725361,LBR,NA,Illumina,0.02,2014-10-01,2014-10-01,NA,Ladner et al,V
EBOV|LIBR10050|KT725270|LBR|?|2014-10-01,EBOV,LIBR10050,LIBR10050,USAMRIID,USAMRIID,KT725270,LBR,NA,Illumina,0,2014-10-01,2014-10-01,NA,Ladner et al,V
EBOV|LIBR10051|KT725368|LBR|?|2014-10-01,EBOV,LIBR10051,LIBR10051,USAMRIID,USAMRIID,KT725368,LBR,NA,Illumina,0,2014-10-01,2014-10-01,NA,Ladner et al,V
EBOV|LIBR10052|KT725258|LBR|?|2014-10-01,EBOV,LIBR10052,LIBR10052,USAMRIID,USAMRIID,KT725258,LBR,NA,Illumina,0,2014-10-01,2014-10-01,NA,Ladner et al,V
EBOV|LIBR10053|KR006963|LBR|?|2014-10-01,EBOV,LIBR10053,LIBR10053,USAMRIID,USAMRIID,KR006963,LBR,NA,Illumina,0,2014-10-01,2014-10-01,NA,Kugelman et al,V
EBOV|LIBR10054|KR006964|LBR|Bomi|2014-09-23,EBOV,LIBR10054,LIBR10054,USAMRIID,USAMRIID,KR006964,LBR,Bomi,Illumina,0,2014-09-23,2014-09-23,NA,Ladner et al,V
EBOV|LIBR10055|KT725340|LBR|Bomi|2014-09-23,EBOV,LIBR10055,LIBR10055,USAMRIID,USAMRIID,KT725340,LBR,Bomi,Illumina,0.01,2014-09-23,2014-09-23,NA,Ladner et al,V
EBOV|LIBR10056|KT725276|LBR|Margibi|2014-09-23,EBOV,LIBR10056,LIBR10056,USAMRIID,USAMRIID,KT725276,LBR,Margibi,Illumina,0,2014-09-23,2014-09-23,NA,Ladner et al,V
EBOV|LIBR10060|KT725357|LBR|Montserrado|2014-09-23,EBOV,LIBR10060,LIBR10060,USAMRIID,USAMRIID,KT725357,LBR,Montserrado,Illumina,0.02,2014-09-23,2014-09-23,NA,Ladner et al,V
EBOV|LIBR10061|KT725376|LBR|Montserrado|2014-09-23,EBOV,LIBR10061,LIBR10061,USAMRIID,USAMRIID,KT725376,LBR,Montserrado,Illumina,0.02,2014-09-23,2014-09-23,NA,Ladner et al,V
EBOV|LIBR10062|KT725359|LBR|?|2014-09-23,EBOV,LIBR10062,LIBR10062,USAMRIID,USAMRIID,KT725359,LBR,NA,Illumina,0.01,2014-09-23,2014-09-23,NA,Ladner et al,V
EBOV|LIBR10065|KT725298|LBR|?|2014-09-21,EBOV,LIBR10065,LIBR10065,USAMRIID,USAMRIID,KT725298,LBR,NA,Illumina,0.01,2014-09-21,2014-09-21,NA,Ladner et al,V
EBOV|LIBR10066|KT725379|LBR|Montserrado|2014-09-20,EBOV,LIBR10066,LIBR10066,USAMRIID,USAMRIID,KT725379,LBR,Montserrado,Illumina,0,2014-09-20,2014-09-20,NA,Ladner et al,V
EBOV|LIBR10071|KT725308|LBR|Montserrado|2014-09-20,EBOV,LIBR10071,LIBR10071,USAMRIID,USAMRIID,KT725308,LBR,Montserrado,Illumina,0,2014-09-20,2014-09-20,NA,Ladner et al,V
EBOV|LIBR10072|KT725307|LBR|Montserrado|2014-09-20,EBOV,LIBR10072,LIBR10072,USAMRIID,USAMRIID,KT725307,LBR,Montserrado,Illumina,0.02,2014-09-20,2014-09-20,NA,Ladner et al,V
EBOV|LIBR10074|KT725325|LBR|?|2014-09-20,EBOV,LIBR10074,LIBR10074,USAMRIID,USAMRIID,KT725325,LBR,NA,Illumina,0,2014-09-20,2014-09-20,NA,Ladner et al,V
EBOV|LIBR10076|KT725334|LBR|?|2014-09-20,EBOV,LIBR10076,LIBR10076,USAMRIID,USAMRIID,KT725334,LBR,NA,Illumina,0.02,2014-09-20,2014-09-20,NA,Ladner et al,V
EBOV|LIBR10077|KT725326|LBR|Margibi|2014-08-26,EBOV,LIBR10077,LIBR10077,USAMRIID,USAMRIID,KT725326,LBR,Margibi,Illumina,0,2014-08-26,2014-08-26,NA,Ladner et al,V
EBOV|LIBR10078|KT725297|LBR|GrandBassa|2014-08-26,EBOV,LIBR10078,LIBR10078,USAMRIID,USAMRIID,KT725297,LBR,GrandBassa,Illumina,0,2014-08-26,2014-08-26,NA,Ladner et al,V
EBOV|LIBR10079|KT725309|LBR|GrandBassa|2014-08-26,EBOV,LIBR10079,LIBR10079,USAMRIID,USAMRIID,KT725309,LBR,GrandBassa,Illumina,0.02,2014-08-26,2014-08-26,NA,Ladner et al,V
EBOV|LIBR10081|KT725339|LBR|Margibi|2014-08-26,EBOV,LIBR10081,LIBR10081,USAMRIID,USAMRIID,KT725339,LBR,Margibi,Illumina,0.05,2014-08-26,2014-08-26,NA,Ladner et al,V
EBOV|LIBR10082|KT725300|LBR|Margibi|2014-08-26,EBOV,LIBR10082,LIBR10082,USAMRIID,USAMRIID,KT725300,LBR,Margibi,Illumina,0.01,2014-08-26,2014-08-26,NA,Ladner et al,V
EBOV|LIBR10086|KT725381|LBR|Margibi|2014-08-26,EBOV,LIBR10086,LIBR10086,USAMRIID,USAMRIID,KT725381,LBR,Margibi,Illumina,0.01,2014-08-26,2014-08-26,NA,Ladner et al,V
EBOV|LIBR10087|KT725346|LBR|Margibi|2014-08-26,EBOV,LIBR10087,LIBR10087,USAMRIID,USAMRIID,KT725346,LBR,Margibi,Illumina,0.02,2014-08-26,2014-08-26,NA,Ladner et al,V
EBOV|LIBR10088|KT725349|LBR|Montserrado|2014-08-26,EBOV,LIBR10088,LIBR10088,USAMRIID,USAMRIID,KT725349,LBR,Montserrado,Illumina,0,2014-08-26,2014-08-26,NA,Ladner et al,V
EBOV|LIBR10089|KT725377|LBR|?|2014-08-17,EBOV,LIBR10089,LIBR10089,USAMRIID,USAMRIID,KT725377,LBR,NA,Illumina,0,2014-08-17,2014-08-17,NA,Ladner et al,V
EBOV|LIBR10092|KT725380|LBR|?|2014-08-17,EBOV,LIBR10092,LIBR10092,USAMRIID,USAMRIID,KT725380,LBR,NA,Illumina,0,2014-08-17,2014-08-17,NA,Ladner et al,V
EBOV|LIBR10093|KT725363|LBR|Nimba|2014-08-17,EBOV,LIBR10093,LIBR10093,USAMRIID,USAMRIID,KT725363,LBR,Nimba,Illumina,0,2014-08-17,2014-08-17,NA,Ladner et al,V
EBOV|LIBR10098|KT725383|LBR|?|2014-08-17,EBOV,LIBR10098,LIBR10098,USAMRIID,USAMRIID,KT725383,LBR,NA,Illumina,0,2014-08-17,2014-08-17,NA,Ladner et al,V
EBOV|LIBR10100|KT725286|LBR|?|2014-08-22,EBOV,LIBR10100,LIBR10100,USAMRIID,USAMRIID,KT725286,LBR,NA,Illumina,0,2014-08-22,2014-08-22,NA,Ladner et al,V
EBOV|LIBR10101|KT725331|LBR|?|2014-08-22,EBOV,LIBR10101,LIBR10101,USAMRIID,USAMRIID,KT725331,LBR,NA,Illumina,0,2014-08-22,2014-08-22,NA,Ladner et al,V
EBOV|LIBR10103|KT725338|LBR|Nimba|2014-08-20,EBOV,LIBR10103,LIBR10103,USAMRIID,USAMRIID,KT725338,LBR,Nimba,Illumina,0.05,2014-08-20,2014-08-20,NA,Ladner et al,V
EBOV|LIBR10106|KT725337|LBR|Nimba|2014-08-20,EBOV,LIBR10106,LIBR10106,USAMRIID,USAMRIID,KT725337,LBR,Nimba,Illumina,0,2014-08-20,2014-08-20,NA,Ladner et al,V
EBOV|LIBR10110|KT725387|LBR|?|2014-08-20,EBOV,LIBR10110,LIBR10110,USAMRIID,USAMRIID,KT725387,LBR,NA,Illumina,0,2014-08-20,2014-08-20,NA,Ladner et al,V
EBOV|LIBR10112|KT725365|LBR|RiverGee|2014-08-20,EBOV,LIBR10112,LIBR10112,USAMRIID,USAMRIID,KT725365,LBR,RiverGee,Illumina,0.01,2014-08-20,2014-08-20,NA,Ladner et al,V
EBOV|LIBR10113|KT725367|LBR|?|2014-08-20,EBOV,LIBR10113,LIBR10113,USAMRIID,USAMRIID,KT725367,LBR,NA,Illumina,0,2014-08-20,2014-08-20,NA,Ladner et al,V
EBOV|LIBR10118|KT725364|LBR|Montserrado|2014-08-24,EBOV,LIBR10118,LIBR10118,USAMRIID,USAMRIID,KT725364,LBR,Montserrado,Illumina,0,2014-08-24,2014-08-24,NA,Ladner et al,V
EBOV|LIBR10127|KT725272|LBR|Bong|2014-08-22,EBOV,LIBR10127,LIBR10127,USAMRIID,USAMRIID,KT725272,LBR,Bong,Illumina,0.01,2014-08-22,2014-08-22,NA,Ladner et al,V
EBOV|LIBR10128|KT725355|LBR|Montserrado|2014-08-30,EBOV,LIBR10128,LIBR10128,USAMRIID,USAMRIID,KT725355,LBR,Montserrado,Illumina,0.01,2014-08-30,2014-08-30,NA,Ladner et al,V
EBOV|LIBR10130|KT725343|LBR|Montserrado|2014-09-01,EBOV,LIBR10130,LIBR10130,USAMRIID,USAMRIID,KT725343,LBR,Montserrado,Illumina,0.01,2014-09-01,2014-09-01,NA,Ladner et al,V
EBOV|LIBR10132|KT725255|LBR|Margibi|2014-09-08,EBOV,LIBR10132,LIBR10132,USAMRIID,USAMRIID,KT725255,LBR,Margibi,Illumina,0,2014-09-08,2014-09-08,NA,Ladner et al,V
EBOV|LIBR10135|KT725260|LBR|?|2014-09-07,EBOV,LIBR10135,LIBR10135,USAMRIID,USAMRIID,KT725260,LBR,NA,Illumina,0,2014-09-07,2014-09-07,NA,Ladner et al,V
EBOV|LIBR10136|KT725263|LBR|?|2014-09-09,EBOV,LIBR10136,LIBR10136,USAMRIID,USAMRIID,KT725263,LBR,NA,Illumina,0,2014-09-09,2014-09-09,NA,Ladner et al,V
EBOV|LIBR10137|KT725385|LBR|?|2014-09-09,EBOV,LIBR10137,LIBR10137,USAMRIID,USAMRIID,KT725385,LBR,NA,Illumina,0,2014-09-09,2014-09-09,NA,Ladner et al,V
EBOV|LIBR10139|KT725265|LBR|?|2014-09-09,EBOV,LIBR10139,LIBR10139,USAMRIID,USAMRIID,KT725265,LBR,NA,Illumina,0,2014-09-09,2014-09-09,NA,Ladner et al,V
EBOV|LIBR10144|KT725271|LBR|?|2014-09-20,EBOV,LIBR10144,LIBR10144,USAMRIID,USAMRIID,KT725271,LBR,NA,Illumina,0.02,2014-09-20,2014-09-20,NA,Ladner et al,V
EBOV|LIBR10145|KT725362|LBR|?|2014-09-20,EBOV,LIBR10145,LIBR10145,USAMRIID,USAMRIID,KT725362,LBR,NA,Illumina,0,2014-09-20,2014-09-20,NA,Ladner et al,V
EBOV|LIBR10148|KT725295|LBR|Nimba|2014-09-20,EBOV,LIBR10148,LIBR10148,USAMRIID,USAMRIID,KT725295,LBR,Nimba,Illumina,0,2014-09-20,2014-09-20,NA,Ladner et al,V
EBOV|LIBR10151|KT725317|LBR|?|2014-09-09,EBOV,LIBR10151,LIBR10151,USAMRIID,USAMRIID,KT725317,LBR,NA,Illumina,0,2014-09-09,2014-09-09,NA,Ladner et al,V
EBOV|LIBR10154|KT725318|LBR|Montserrado|2014-09-13,EBOV,LIBR10154,LIBR10154,USAMRIID,USAMRIID,KT725318,LBR,Montserrado,Illumina,0.01,2014-09-13,2014-09-13,NA,Ladner et al,V
EBOV|LIBR10155|KT725296|LBR|GrandBassa|2014-09-13,EBOV,LIBR10155,LIBR10155,USAMRIID,USAMRIID,KT725296,LBR,GrandBassa,Illumina,0,2014-09-13,2014-09-13,NA,Ladner et al,V
EBOV|LIBR10156|KT725352|LBR|GrandBassa|2014-09-13,EBOV,LIBR10156,LIBR10156,USAMRIID,USAMRIID,KT725352,LBR,GrandBassa,Illumina,0,2014-09-13,2014-09-13,NA,Ladner et al,V
EBOV|LIBR10168|KT725353|LBR|?|2014-09-20,EBOV,LIBR10168,LIBR10168,USAMRIID,USAMRIID,KT725353,LBR,NA,Illumina,0,2014-09-20,2014-09-20,NA,Ladner et al,V
EBOV|LIBR10169|KT725382|LBR|?|2014-08-24,EBOV,LIBR10169,LIBR10169,USAMRIID,USAMRIID,KT725382,LBR,NA,Illumina,0.01,2014-08-24,2014-08-24,NA,Ladner et al,V
EBOV|LIBR10170|KT725350|LBR|Montserrado|2014-08-17,EBOV,LIBR10170,LIBR10170,USAMRIID,USAMRIID,KT725350,LBR,Montserrado,Illumina,0.01,2014-08-17,2014-08-17,NA,Ladner et al,V
EBOV|LIBR10172|KT725289|LBR|?|2014-09-01,EBOV,LIBR10172,LIBR10172,USAMRIID,USAMRIID,KT725289,LBR,NA,Illumina,0,2014-09-01,2014-09-01,NA,Ladner et al,V
EBOV|LIBR10179|KT725375|LBR|Montserrado|2014-10-11,EBOV,LIBR10179,LIBR10179,USAMRIID,USAMRIID,KT725375,LBR,Montserrado,Illumina,0,2014-10-11,2014-10-11,NA,Ladner et al,V
EBOV|LIBR10180|KT725391|LBR|Montserrado|2014-10-11,EBOV,LIBR10180,LIBR10180,USAMRIID,USAMRIID,KT725391,LBR,Montserrado,Illumina,0,2014-10-11,2014-10-11,NA,Ladner et al,V
EBOV|LIBR10187|KT725392|LBR|?|2014-08-19,EBOV,LIBR10187,LIBR10187,USAMRIID,USAMRIID,KT725392,LBR,NA,Illumina,0,2014-08-19,2014-08-19,NA,Ladner et al,V
EBOV|LIBR10195|KT725264|LBR|?|2014-08-26,EBOV,LIBR10195,LIBR10195,USAMRIID,USAMRIID,KT725264,LBR,NA,Illumina,0.01,2014-08-26,2014-08-26,NA,Ladner et al,V
EBOV|LIBR10196|KT725283|LBR|?|2014-08-26,EBOV,LIBR10196,LIBR10196,USAMRIID,USAMRIID,KT725283,LBR,NA,Illumina,0,2014-08-26,2014-08-26,NA,Ladner et al,V
EBOV|LIBR10201|KT725306|LBR|Montserrado|2014-08-27,EBOV,LIBR10201,LIBR10201,USAMRIID,USAMRIID,KT725306,LBR,Montserrado,Illumina,0.02,2014-08-27,2014-08-27,NA,Ladner et al,V
EBOV|LIBR10202|KT725356|LBR|Montserrado|2014-08-27,EBOV,LIBR10202,LIBR10202,USAMRIID,USAMRIID,KT725356,LBR,Montserrado,Illumina,0,2014-08-27,2014-08-27,NA,Ladner et al,V
EBOV|LIBR10204|KT725281|LBR|?|2014-08-27,EBOV,LIBR10204,LIBR10204,USAMRIID,USAMRIID,KT725281,LBR,NA,Illumina,0,2014-08-27,2014-08-27,NA,Ladner et al,V
EBOV|LIBR10205|KT725351|LBR|Montserrado|2014-09-19,EBOV,LIBR10205,LIBR10205,USAMRIID,USAMRIID,KT725351,LBR,Montserrado,Illumina,0.01,2014-09-19,2014-09-19,NA,Ladner et al,V
EBOV|LIBR10208|KT725329|LBR|Montserrado|2014-09-19,EBOV,LIBR10208,LIBR10208,USAMRIID,USAMRIID,KT725329,LBR,Montserrado,Illumina,0.02,2014-09-19,2014-09-19,NA,Ladner et al,V
EBOV|LIBR10209|KT725371|LBR|Montserrado|2014-09-19,EBOV,LIBR10209,LIBR10209,USAMRIID,USAMRIID,KT725371,LBR,Montserrado,Illumina,0,2014-09-19,2014-09-19,NA,Ladner et al,V
EBOV|LIBR10210|KT725321|LBR|Montserrado|2014-09-19,EBOV,LIBR10210,LIBR10210,USAMRIID,USAMRIID,KT725321,LBR,Montserrado,Illumina,0.02,2014-09-19,2014-09-19,NA,Ladner et al,V
EBOV|LIBR10212|KT725373|LBR|?|2014-09-19,EBOV,LIBR10212,LIBR10212,USAMRIID,USAMRIID,KT725373,LBR,NA,Illumina,0.01,2014-09-19,2014-09-19,NA,Ladner et al,V
EBOV|LIBR10217|KT725323|LBR|?|2014-09-29,EBOV,LIBR10217,LIBR10217,USAMRIID,USAMRIID,KT725323,LBR,NA,Illumina,0.01,2014-09-29,2014-09-29,NA,Ladner et al,V
EBOV|LIBR10218|KT725284|LBR|?|2014-09-29,EBOV,LIBR10218,LIBR10218,USAMRIID,USAMRIID,KT725284,LBR,NA,Illumina,0.01,2014-09-29,2014-09-29,NA,Ladner et al,V
EBOV|LIBR10222|KT725305|LBR|GrandBassa|2014-09-26,EBOV,LIBR10222,LIBR10222,USAMRIID,USAMRIID,KT725305,LBR,GrandBassa,Illumina,0.02,2014-09-26,2014-09-26,NA,Ladner et al,V
EBOV|LIBR10223|KT725301|LBR|Montserrado|2014-09-26,EBOV,LIBR10223,LIBR10223,USAMRIID,USAMRIID,KT725301,LBR,Montserrado,Illumina,0.01,2014-09-26,2014-09-26,NA,Ladner et al,V
EBOV|LIBR10224|KT725302|LBR|Montserrado|2014-09-26,EBOV,LIBR10224,LIBR10224,USAMRIID,USAMRIID,KT725302,LBR,Montserrado,Illumina,0.01,2014-09-26,2014-09-26,NA,Ladner et al,V
EBOV|LIBR10226|KT725304|LBR|Montserrado|2014-09-26,EBOV,LIBR10226,LIBR10226,USAMRIID,USAMRIID,KT725304,LBR,Montserrado,Illumina,0.02,2014-09-26,2014-09-26,NA,Ladner et al,V
EBOV|LIBR10230|KT725354|LBR|Montserrado|2014-09-26,EBOV,LIBR10230,LIBR10230,USAMRIID,USAMRIID,KT725354,LBR,Montserrado,Illumina,0.01,2014-09-26,2014-09-26,NA,Ladner et al,V
EBOV|LIBR10237|KT725275|LBR|?|2014-07-11,EBOV,LIBR10237,LIBR10237,USAMRIID,USAMRIID,KT725275,LBR,NA,Illumina,0,2014-07-11,2014-07-11,NA,Ladner et al,V
EBOV|LIBR10238|KT725322|LBR|?|2014-07-18,EBOV,LIBR10238,LIBR10238,USAMRIID,USAMRIID,KT725322,LBR,NA,Illumina,0.01,2014-07-18,2014-07-18,NA,Ladner et al,V
EBOV|LIBR10239|KT725324|LBR|?|2014-07-19,EBOV,LIBR10239,LIBR10239,USAMRIID,USAMRIID,KT725324,LBR,NA,Illumina,0,2014-07-19,2014-07-19,NA,Ladner et al,V
EBOV|LIBR10240|KT725320|LBR|?|2014-06-24,EBOV,LIBR10240,LIBR10240,USAMRIID,USAMRIID,KT725320,LBR,NA,Illumina,0.01,2014-06-24,2014-06-24,NA,Ladner et al,V
EBOV|LIBR10241|KT725262|LBR|?|2014-06-25,EBOV,LIBR10241,LIBR10241,USAMRIID,USAMRIID,KT725262,LBR,NA,Illumina,0,2014-06-25,2014-06-25,NA,Ladner et al,V
EBOV|LIBR10245|KT725332|LBR|?|2014-07-01,EBOV,LIBR10245,LIBR10245,USAMRIID,USAMRIID,KT725332,LBR,NA,Illumina,0.02,2014-07-01,2014-07-01,NA,Ladner et al,V
EBOV|LIBR10248|KT725277|LBR|?|2014-07-14,EBOV,LIBR10248,LIBR10248,USAMRIID,USAMRIID,KT725277,LBR,NA,Illumina,0.01,2014-07-14,2014-07-14,NA,Ladner et al,V
EBOV|LIBR10249|KT725388|LBR|?|2014-07-04,EBOV,LIBR10249,LIBR10249,USAMRIID,USAMRIID,KT725388,LBR,NA,Illumina,0,2014-07-04,2014-07-04,NA,Ladner et al,V
EBOV|LIBR10250|KT725360|LBR|?|2014-06-23,EBOV,LIBR10250,LIBR10250,USAMRIID,USAMRIID,KT725360,LBR,NA,Illumina,0.02,2014-06-23,2014-06-23,NA,Ladner et al,V
EBOV|LIBR10251|KT725319|LBR|GrandKru|2014-09-15,EBOV,LIBR10251,LIBR10251,USAMRIID,USAMRIID,KT725319,LBR,GrandKru,Illumina,0,2014-09-15,2014-09-15,NA,Ladner et al,V
EBOV|LIBR10252|KT725266|LBR|GrandKru|2014-09-15,EBOV,LIBR10252,LIBR10252,USAMRIID,USAMRIID,KT725266,LBR,GrandKru,Illumina,0.01,2014-09-15,2014-09-15,NA,Ladner et al,V
EBOV|LIBR10253|KT725282|LBR|Margibi|2014-09-16,EBOV,LIBR10253,LIBR10253,USAMRIID,USAMRIID,KT725282,LBR,Margibi,Illumina,0.02,2014-09-16,2014-09-16,NA,Ladner et al,V
EBOV|LIBR10254|KT725268|LBR|?|2014-10-02,EBOV,LIBR10254,LIBR10254,USAMRIID,USAMRIID,KT725268,LBR,NA,Illumina,0,2014-10-02,2014-10-02,NA,Ladner et al,V
EBOV|LIBR10255|KT725269|LBR|Bong|2014-10-02,EBOV,LIBR10255,LIBR10255,USAMRIID,USAMRIID,KT725269,LBR,Bong,Illumina,0,2014-10-02,2014-10-02,NA,Ladner et al,V
EBOV|LIBR10261|KT725287|LBR|Sinoe|2014-10-14,EBOV,LIBR10261,LIBR10261,USAMRIID,USAMRIID,KT725287,LBR,Sinoe,Illumina,0,2014-10-14,2014-10-14,NA,Ladner et al,V
EBOV|LIBR10262|KT725285|LBR|Montserrado|2014-10-16,EBOV,LIBR10262,LIBR10262,USAMRIID,USAMRIID,KT725285,LBR,Montserrado,Illumina,0.01,2014-10-16,2014-10-16,NA,Ladner et al,V
EBOV|LIBR10265|KT725312|LBR|?|2014-10-18,EBOV,LIBR10265,LIBR10265,USAMRIID,USAMRIID,KT725312,LBR,NA,Illumina,0.01,2014-10-18,2014-10-18,NA,Ladner et al,V
EBOV|LIBR10267|KT725374|LBR|Montserrado|2014-10-05,EBOV,LIBR10267,LIBR10267,USAMRIID,USAMRIID,KT725374,LBR,Montserrado,Illumina,0.01,2014-10-05,2014-10-05,NA,Ladner et al,V
EBOV|LIBR10270|KT725256|LBR|?|2014-08-26,EBOV,LIBR10270,LIBR10270,USAMRIID,USAMRIID,KT725256,LBR,NA,Illumina,0,2014-08-26,2014-08-26,NA,Ladner et al,V
EBOV|LIBR10271|KT725347|LBR|?|2014-08-26,EBOV,LIBR10271,LIBR10271,USAMRIID,USAMRIID,KT725347,LBR,NA,Illumina,0,2014-08-26,2014-08-26,NA,Ladner et al,V
EBOV|LIBR10277|KT725369|LBR|Margibi|2014-08-26,EBOV,LIBR10277,LIBR10277,USAMRIID,USAMRIID,KT725369,LBR,Margibi,Illumina,0,2014-08-26,2014-08-26,NA,Ladner et al,V
EBOV|LIBR10279|KT725341|LBR|Montserrado|2014-08-26,EBOV,LIBR10279,LIBR10279,USAMRIID,USAMRIID,KT725341,LBR,Montserrado,Illumina,0,2014-08-26,2014-08-26,NA,Ladner et al,V
EBOV|LIBR10306|KT725336|LBR|?|2014-06-25,EBOV,LIBR10306,LIBR10306,USAMRIID,USAMRIID,KT725336,LBR,NA,Illumina,0.02,2014-06-25,2014-06-25,NA,Ladner et al,V
EBOV|LIBR10307|KT725310|LBR|Montserrado|2014-10-02,EBOV,LIBR10307,LIBR10307,USAMRIID,USAMRIID,KT725310,LBR,Montserrado,Illumina,0,2014-10-02,2014-10-02,NA,Ladner et al,V
EBOV|LIBR11079|KT725372|LBR|Montserrado|2014-10-02,EBOV,LIBR11079,LIBR11079,USAMRIID,USAMRIID,KT725372,LBR,Montserrado,Illumina,0.01,2014-10-02,2014-10-02,NA,Ladner et al,V
EBOV|LIBR11177|KT725358|LBR|Margibi|2014-10-05,EBOV,LIBR11177,LIBR11177,USAMRIID,USAMRIID,KT725358,LBR,Margibi,Illumina,0.01,2014-10-05,2014-10-05,NA,Ladner et al,V
EBOV|LIBR1195|KR006961|LBR|Margibi|2015-02-02,EBOV,LIBR1195,LIBR1195,USAMRIID,USAMRIID,KR006961,LBR,Margibi,Illumina,0.01,2015-02-02,2015-02-02,NA,Kugelman et al,V
EBOV|LIBR1221|KT725384|LBR|Montserrado|2015-02-04,EBOV,LIBR1221,LIBR1221,USAMRIID,USAMRIID,KT725384,LBR,Montserrado,Illumina,0,2015-02-04,2015-02-04,NA,Ladner et al,V
EBOV|LIBR1413|KR006962|LBR|Montserrado|2015-02-14,EBOV,LIBR1413,LIBR1413,USAMRIID,USAMRIID,KR006962,LBR,Montserrado,Illumina,0,2015-02-14,2015-02-14,NA,Kugelman et al,V
